{"IcoMoonType":"selection","icons":[{"icon":{"paths":["M828.16 904.107l-391.68-392.107 391.68-392.107-119.893-119.893-512 512 512 512z"],"attrs":[{}],"isMulticolor":false,"isMulticolor2":false,"grid":0,"tags":["angle-left"]},"attrs":[{}],"properties":{"order":19,"id":13,"name":"angle-left","prevSize":32,"code":59648},"setIdx":0,"setId":1,"iconIdx":0},{"icon":{"paths":["M316.16 0l-119.893 119.893 392.107 392.107-392.107 392.107 119.893 119.893 512-512z"],"attrs":[{}],"isMulticolor":false,"isMulticolor2":false,"grid":0,"tags":["angle-right"]},"attrs":[{}],"properties":{"order":20,"id":12,"name":"angle-right","prevSize":32,"code":59649},"setIdx":0,"setId":1,"iconIdx":1},{"icon":{"paths":["M768.255 1021.962v-1021.962l-510.981 510.981z"],"attrs":[{}],"isMulticolor":false,"isMulticolor2":false,"grid":0,"tags":["angle-alt-left"]},"attrs":[{}],"properties":{"order":21,"id":11,"name":"angle-alt-left","prevSize":32,"code":59650},"setIdx":0,"setId":1,"iconIdx":2},{"icon":{"paths":["M257.274 0v1021.962l510.981-510.981z"],"attrs":[{}],"isMulticolor":false,"isMulticolor2":false,"grid":0,"tags":["angle-alt-right"]},"attrs":[{}],"properties":{"order":22,"id":10,"name":"angle-alt-right","prevSize":32,"code":59651},"setIdx":0,"setId":1,"iconIdx":3},{"icon":{"paths":["M602.961 933.2l-354.474-357.705h775.513v-126.99h-775.513l354.474-357.705-91.123-90.8-511.838 511.838 511.838 512.162z"],"attrs":[{}],"isMulticolor":false,"isMulticolor2":false,"grid":0,"tags":["arrow-left"]},"attrs":[{}],"properties":{"order":23,"id":9,"name":"arrow-left","prevSize":32,"code":59652},"setIdx":0,"setId":1,"iconIdx":4},{"icon":{"paths":["M511.838 0l-90.8 90.8 354.474 357.705h-775.513v126.99h775.513l-354.474 357.705 90.8 90.8 512.162-512.162z"],"attrs":[{}],"isMulticolor":false,"isMulticolor2":false,"grid":0,"tags":["arrow-right"]},"attrs":[{}],"properties":{"order":24,"id":8,"name":"arrow-right","prevSize":32,"code":59653},"setIdx":0,"setId":1,"iconIdx":5},{"icon":{"paths":["M0 0v1024h1024v-1024h-1024zM955.733 955.733h-887.467v-887.467h887.467v887.467z","M628.736 668.672l-156.672-156.672 156.672-156.672-47.787-48.128-204.8 204.8 204.8 204.8z"],"attrs":[{},{}],"isMulticolor":false,"isMulticolor2":false,"grid":0,"tags":["arrow-outline-square-left"]},"attrs":[{},{}],"properties":{"order":25,"id":6,"name":"arrow-outline-square-left","prevSize":32,"code":59654},"setIdx":0,"setId":1,"iconIdx":6},{"icon":{"paths":["M0 0v1024h1024v-1024h-1024zM955.733 955.733h-887.467v-887.467h887.467v887.467z","M443.051 716.8l204.8-204.8-204.8-204.8-47.787 48.128 156.672 156.672-156.672 156.672z"],"attrs":[{},{}],"isMulticolor":false,"isMulticolor2":false,"grid":0,"tags":["arrow-outline-square-right"]},"attrs":[{},{}],"properties":{"order":26,"id":4,"name":"arrow-outline-square-right","prevSize":32,"code":59655},"setIdx":0,"setId":1,"iconIdx":7},{"icon":{"paths":["M512 0c-282.624 0-512 229.376-512 512s229.376 512 512 512 512-229.376 512-512-229.376-512-512-512zM512 955.733c-244.736 0-443.733-198.997-443.733-443.733s198.997-443.733 443.733-443.733 443.733 198.997 443.733 443.733-198.997 443.733-443.733 443.733z","M580.949 307.2l-204.8 204.8 204.8 204.8 47.787-48.128-156.672-156.672 156.672-156.672z"],"attrs":[{},{}],"isMulticolor":false,"isMulticolor2":false,"grid":0,"tags":["arrow-outline-circle-left"]},"attrs":[{},{}],"properties":{"order":27,"id":2,"name":"arrow-outline-circle-left","prevSize":32,"code":59656},"setIdx":0,"setId":1,"iconIdx":8},{"icon":{"paths":["M512 0c-282.624 0-512 229.376-512 512s229.376 512 512 512 512-229.376 512-512-229.376-512-512-512zM512 955.733c-244.736 0-443.733-198.997-443.733-443.733s198.997-443.733 443.733-443.733 443.733 198.997 443.733 443.733-198.997 443.733-443.733 443.733z","M395.264 355.328l156.672 156.672-156.672 156.672 47.787 48.128 204.8-204.8-204.8-204.8z"],"attrs":[{},{}],"isMulticolor":false,"isMulticolor2":false,"grid":0,"tags":["arrow-outline-circle-right"]},"attrs":[{},{}],"properties":{"order":28,"id":0,"name":"arrow-outline-circle-right","prevSize":32,"code":59657},"setIdx":0,"setId":1,"iconIdx":9},{"icon":{"paths":["M0 0v1024h1024v-1024h-1024zM628.053 668.672l-47.787 48.128-204.8-204.8 204.8-204.8 47.787 48.128-156.672 156.672 156.672 156.672z"],"attrs":[{}],"isMulticolor":false,"isMulticolor2":false,"grid":0,"tags":["arrow-square-left"]},"attrs":[{}],"properties":{"order":29,"id":14,"name":"arrow-square-left","prevSize":32,"code":59658},"setIdx":0,"setId":1,"iconIdx":10},{"icon":{"paths":["M1024 1024v-1024h-1024v1024h1024zM395.947 355.328l47.787-48.128 204.8 204.8-204.8 204.8-47.787-48.128 156.672-156.672-156.672-156.672z"],"attrs":[{}],"isMulticolor":false,"isMulticolor2":false,"grid":0,"tags":["arrow-square-right"]},"attrs":[{}],"properties":{"order":30,"id":15,"name":"arrow-square-right","prevSize":32,"code":59659},"setIdx":0,"setId":1,"iconIdx":11},{"icon":{"paths":["M513.707 0c-282.624 0-512 229.376-512 512s229.376 512 512 512 512-229.376 512-512-229.376-512-512-512zM629.76 668.672l-47.787 48.128-204.8-204.8 204.8-204.8 47.787 48.128-156.672 156.672 156.672 156.672z"],"attrs":[{}],"isMulticolor":false,"isMulticolor2":false,"grid":0,"tags":["arrow-circle-left"]},"attrs":[{}],"properties":{"order":31,"id":16,"name":"arrow-circle-left","prevSize":32,"code":59660},"setIdx":0,"setId":1,"iconIdx":12},{"icon":{"paths":["M513.707 1024c282.624 0 512-229.376 512-512s-229.376-512-512-512-512 229.376-512 512 229.376 512 512 512zM397.653 355.328l47.787-48.128 204.8 204.8-204.8 204.8-47.787-48.128 156.672-156.672-156.672-156.672z"],"attrs":[{}],"isMulticolor":false,"isMulticolor2":false,"grid":0,"tags":["arrow-circle-right"]},"attrs":[{}],"properties":{"order":32,"id":17,"name":"arrow-circle-right","prevSize":32,"code":59661},"setIdx":0,"setId":1,"iconIdx":13}],"height":1024,"metadata":{"name":"thegem-arrows"},"preferences":{"showGlyphs":true,"showCodes":true,"showQuickUse":true,"showQuickUse2":true,"showSVGs":true,"fontPref":{"prefix":"icon-","metadata":{"fontFamily":"thegem-arrows","majorVersion":1,"minorVersion":0},"metrics":{"emSize":1024,"baseline":6.25,"whitespace":50},"embed":false,"showSelector":false},"imagePref":{"prefix":"icon-","png":true,"useClassSelector":true,"color":0,"bgColor":16777215},"historySize":50,"gridSize":16}}