{
  "kind": "webfonts#webfontList",
  "items": [
    {
      "family": "Arima Madurai",
      "variants": [
        "100",
        "200",
        "300",
        "regular",
        "500",
        "700",
        "800",
        "900"
      ],
      "subsets": [
        "latin",
        "latin-ext",
        "tamil",
        "vietnamese"
      ],
      "version": "v14",
      "lastModified": "2022-09-22",
      "files": {
        "100": "http://fonts.gstatic.com/s/arimamadurai/v14/t5t4IRoeKYORG0WNMgnC3seB1V3PqrGCch4Drg.ttf",
        "200": "http://fonts.gstatic.com/s/arimamadurai/v14/t5t7IRoeKYORG0WNMgnC3seB1fHuipusfhcat2c.ttf",
        "300": "http://fonts.gstatic.com/s/arimamadurai/v14/t5t7IRoeKYORG0WNMgnC3seB1ZXtipusfhcat2c.ttf",
        "regular": "http://fonts.gstatic.com/s/arimamadurai/v14/t5tmIRoeKYORG0WNMgnC3seB7TnFrpOHYh4.ttf",
        "500": "http://fonts.gstatic.com/s/arimamadurai/v14/t5t7IRoeKYORG0WNMgnC3seB1c3sipusfhcat2c.ttf",
        "700": "http://fonts.gstatic.com/s/arimamadurai/v14/t5t7IRoeKYORG0WNMgnC3seB1YXqipusfhcat2c.ttf",
        "800": "http://fonts.gstatic.com/s/arimamadurai/v14/t5t7IRoeKYORG0WNMgnC3seB1Znpipusfhcat2c.ttf",
        "900": "http://fonts.gstatic.com/s/arimamadurai/v14/t5t7IRoeKYORG0WNMgnC3seB1b3oipusfhcat2c.ttf"
      },
      "category": "display",
      "kind": "webfonts#webfont"
    },
    {
      "family": "Coda Caption",
      "variants": [
        "800"
      ],
      "subsets": [
        "latin",
        "latin-ext"
      ],
      "version": "v19",
      "lastModified": "2022-09-22",
      "files": {
        "800": "http://fonts.gstatic.com/s/codacaption/v19/ieVm2YRII2GMY7SyXSoDRiQGqcx6x_-fACIgaw.ttf"
      },
      "category": "sans-serif",
      "kind": "webfonts#webfont"
    },
    {
      "family": "Fredoka One",
      "variants": [
        "regular"
      ],
      "subsets": [
        "latin"
      ],
      "version": "v13",
      "lastModified": "2022-09-22",
      "files": {
        "regular": "http://fonts.gstatic.com/s/fredokaone/v13/k3kUo8kEI-tA1RRcTZGmTmHBA6aF8Bf_.ttf"
      },
      "category": "display",
      "kind": "webfonts#webfont"
    },
    {
      "family": "Gentium Book Basic",
      "variants": [
        "regular",
        "italic",
        "700",
        "700italic"
      ],
      "subsets": [
        "latin",
        "latin-ext"
      ],
      "version": "v16",
      "lastModified": "2022-09-22",
      "files": {
        "regular": "http://fonts.gstatic.com/s/gentiumbookbasic/v16/pe0zMJCbPYBVokB1LHA9bbyaQb8ZGjcIV7t7w6bE2A.ttf",
        "italic": "http://fonts.gstatic.com/s/gentiumbookbasic/v16/pe0xMJCbPYBVokB1LHA9bbyaQb8ZGjc4VbF_4aPU2Ec9.ttf",
        "700": "http://fonts.gstatic.com/s/gentiumbookbasic/v16/pe0wMJCbPYBVokB1LHA9bbyaQb8ZGjcw65Rfy43Y0V4kvg.ttf",
        "700italic": "http://fonts.gstatic.com/s/gentiumbookbasic/v16/pe0-MJCbPYBVokB1LHA9bbyaQb8ZGjc4VYnDzofc81s0voO3.ttf"
      },
      "category": "serif",
      "kind": "webfonts#webfont"
    },
    {
      "family": "Kantumruy",
      "variants": [
        "300",
        "regular",
        "700"
      ],
      "subsets": [
        "khmer"
      ],
      "version": "v21",
      "lastModified": "2022-04-26",
      "files": {
        "300": "http://fonts.gstatic.com/s/kantumruy/v21/syk0-yJ0m7wyVb-f4FOPUtDlpn-UJ1H6Uw.ttf",
        "regular": "http://fonts.gstatic.com/s/kantumruy/v21/sykx-yJ0m7wyVb-f4FO3_vjBrlSILg.ttf",
        "700": "http://fonts.gstatic.com/s/kantumruy/v21/syk0-yJ0m7wyVb-f4FOPQtflpn-UJ1H6Uw.ttf"
      },
      "category": "sans-serif",
      "kind": "webfonts#webfont"
    },
    {
      "family": "Merienda One",
      "variants": [
        "regular"
      ],
      "subsets": [
        "latin"
      ],
      "version": "v16",
      "lastModified": "2022-09-22",
      "files": {
        "regular": "http://fonts.gstatic.com/s/meriendaone/v16/H4cgBXaMndbflEq6kyZ1ht6YgoyyYzFzFw.ttf"
      },
      "category": "handwriting",
      "kind": "webfonts#webfont"
    },
    {
      "family": "Noto Sans N Ko",
      "variants": [
        "regular"
      ],
      "subsets": [
        "nko"
      ],
      "version": "v17",
      "lastModified": "2022-05-10",
      "files": {
        "regular": "http://fonts.gstatic.com/s/notosansnko/v17/6NUP8FqDKBaKKjnr6P8v-sxPpvVBVNmme3gf.ttf"
      },
      "category": "sans-serif",
      "kind": "webfonts#webfont"
    },
    {
      "family": "Noto Sans Phags Pa",
      "variants": [
        "regular"
      ],
      "subsets": [
        "phags-pa"
      ],
      "version": "v15",
      "lastModified": "2022-05-10",
      "files": {
        "regular": "http://fonts.gstatic.com/s/notosansphagspa/v15/pxiZyoo6v8ZYyWh5WuPeJzMkd4SrGChkqkSsrvNXiA.ttf"
      },
      "category": "sans-serif",
      "kind": "webfonts#webfont"
    },
    {
      "family": "Noto Serif Nyiakeng Puachue Hmong",
      "variants": [
        "regular",
        "500",
        "600",
        "700"
      ],
      "subsets": [
        "nyiakeng-puachue-hmong"
      ],
      "version": "v16",
      "lastModified": "2022-07-19",
      "files": {
        "regular": "http://fonts.gstatic.com/s/notoserifnyiakengpuachuehmong/v16/5h1jibMoOmIC3YuzLC-NZyLDZC8iwh-MTC8ggAjEhePFNRVcneAFp44kcYMUkNqVKhqPDFvbZkrZmb0.ttf",
        "500": "http://fonts.gstatic.com/s/notoserifnyiakengpuachuehmong/v16/5h1jibMoOmIC3YuzLC-NZyLDZC8iwh-MTC8ggAjEhePFNRVcneAFp44kcYMUkNqVKiiPDFvbZkrZmb0.ttf",
        "600": "http://fonts.gstatic.com/s/notoserifnyiakengpuachuehmong/v16/5h1jibMoOmIC3YuzLC-NZyLDZC8iwh-MTC8ggAjEhePFNRVcneAFp44kcYMUkNqVKsSIDFvbZkrZmb0.ttf",
        "700": "http://fonts.gstatic.com/s/notoserifnyiakengpuachuehmong/v16/5h1jibMoOmIC3YuzLC-NZyLDZC8iwh-MTC8ggAjEhePFNRVcneAFp44kcYMUkNqVKv2IDFvbZkrZmb0.ttf"
      },
      "category": "serif",
      "kind": "webfonts#webfont"
    },
    {
      "family": "Source Sans Pro",
      "variants": [
        "200",
        "200italic",
        "300",
        "300italic",
        "regular",
        "italic",
        "600",
        "600italic",
        "700",
        "700italic",
        "900",
        "900italic"
      ],
      "subsets": [
        "cyrillic",
        "cyrillic-ext",
        "greek",
        "greek-ext",
        "latin",
        "latin-ext",
        "vietnamese"
      ],
      "version": "v21",
      "lastModified": "2022-09-22",
      "files": {
        "200": "http://fonts.gstatic.com/s/sourcesanspro/v21/6xKydSBYKcSV-LCoeQqfX1RYOo3i94_AkB1v_8CGxg.ttf",
        "200italic": "http://fonts.gstatic.com/s/sourcesanspro/v21/6xKwdSBYKcSV-LCoeQqfX1RYOo3qPZYokRdr3cWWxg40.ttf",
        "300": "http://fonts.gstatic.com/s/sourcesanspro/v21/6xKydSBYKcSV-LCoeQqfX1RYOo3ik4zAkB1v_8CGxg.ttf",
        "300italic": "http://fonts.gstatic.com/s/sourcesanspro/v21/6xKwdSBYKcSV-LCoeQqfX1RYOo3qPZZMkhdr3cWWxg40.ttf",
        "regular": "http://fonts.gstatic.com/s/sourcesanspro/v21/6xK3dSBYKcSV-LCoeQqfX1RYOo3aP6TkmDZz9g.ttf",
        "italic": "http://fonts.gstatic.com/s/sourcesanspro/v21/6xK1dSBYKcSV-LCoeQqfX1RYOo3qPa7gujNj9tmf.ttf",
        "600": "http://fonts.gstatic.com/s/sourcesanspro/v21/6xKydSBYKcSV-LCoeQqfX1RYOo3i54rAkB1v_8CGxg.ttf",
        "600italic": "http://fonts.gstatic.com/s/sourcesanspro/v21/6xKwdSBYKcSV-LCoeQqfX1RYOo3qPZY4lBdr3cWWxg40.ttf",
        "700": "http://fonts.gstatic.com/s/sourcesanspro/v21/6xKydSBYKcSV-LCoeQqfX1RYOo3ig4vAkB1v_8CGxg.ttf",
        "700italic": "http://fonts.gstatic.com/s/sourcesanspro/v21/6xKwdSBYKcSV-LCoeQqfX1RYOo3qPZZclRdr3cWWxg40.ttf",
        "900": "http://fonts.gstatic.com/s/sourcesanspro/v21/6xKydSBYKcSV-LCoeQqfX1RYOo3iu4nAkB1v_8CGxg.ttf",
        "900italic": "http://fonts.gstatic.com/s/sourcesanspro/v21/6xKwdSBYKcSV-LCoeQqfX1RYOo3qPZZklxdr3cWWxg40.ttf"
      },
      "category": "sans-serif",
      "kind": "webfonts#webfont"
    },
    {
      "family": "Source Serif Pro",
      "variants": [
        "200",
        "200italic",
        "300",
        "300italic",
        "regular",
        "italic",
        "600",
        "600italic",
        "700",
        "700italic",
        "900",
        "900italic"
      ],
      "subsets": [
        "cyrillic",
        "cyrillic-ext",
        "greek",
        "latin",
        "latin-ext",
        "vietnamese"
      ],
      "version": "v15",
      "lastModified": "2022-09-22",
      "files": {
        "200": "http://fonts.gstatic.com/s/sourceserifpro/v15/neIXzD-0qpwxpaWvjeD0X88SAOeasbsfhSugxYUvZrI.ttf",
        "200italic": "http://fonts.gstatic.com/s/sourceserifpro/v15/neIVzD-0qpwxpaWvjeD0X88SAOeauXEGbSqqwacqdrKvbQ.ttf",
        "300": "http://fonts.gstatic.com/s/sourceserifpro/v15/neIXzD-0qpwxpaWvjeD0X88SAOeasd8chSugxYUvZrI.ttf",
        "300italic": "http://fonts.gstatic.com/s/sourceserifpro/v15/neIVzD-0qpwxpaWvjeD0X88SAOeauXEGCSmqwacqdrKvbQ.ttf",
        "regular": "http://fonts.gstatic.com/s/sourceserifpro/v15/neIQzD-0qpwxpaWvjeD0X88SAOeaiXM0oSOL2Yw.ttf",
        "italic": "http://fonts.gstatic.com/s/sourceserifpro/v15/neIWzD-0qpwxpaWvjeD0X88SAOeauXE-pQGOyYw2fw.ttf",
        "600": "http://fonts.gstatic.com/s/sourceserifpro/v15/neIXzD-0qpwxpaWvjeD0X88SAOeasasahSugxYUvZrI.ttf",
        "600italic": "http://fonts.gstatic.com/s/sourceserifpro/v15/neIVzD-0qpwxpaWvjeD0X88SAOeauXEGfS-qwacqdrKvbQ.ttf",
        "700": "http://fonts.gstatic.com/s/sourceserifpro/v15/neIXzD-0qpwxpaWvjeD0X88SAOeasc8bhSugxYUvZrI.ttf",
        "700italic": "http://fonts.gstatic.com/s/sourceserifpro/v15/neIVzD-0qpwxpaWvjeD0X88SAOeauXEGGS6qwacqdrKvbQ.ttf",
        "900": "http://fonts.gstatic.com/s/sourceserifpro/v15/neIXzD-0qpwxpaWvjeD0X88SAOeasfcZhSugxYUvZrI.ttf",
        "900italic": "http://fonts.gstatic.com/s/sourceserifpro/v15/neIVzD-0qpwxpaWvjeD0X88SAOeauXEGISyqwacqdrKvbQ.ttf"
      },
      "category": "serif",
      "kind": "webfonts#webfont"
    }
  ]
}
